﻿<?xml version="1.0"?>
<ArrayOfString xmlns:xsi="http://www.w3.org/2001/XMLSchema-instance" xmlns:xsd="http://www.w3.org/2001/XMLSchema">
  <string>Не работает основной канал</string>
  <string>Проблема с 1 ПК</string>
  <string>Проблема с ФР</string>
  <string>Проблема с Рарусом</string>
  <string>Интернет работает нестабильно</string>
  <string>Проблема с биометрией на 1 ПК</string>
</ArrayOfString>