<?xml version="1.0"?>
<ArrayOfString xmlns:xsi="http://www.w3.org/2001/XMLSchema-instance" xmlns:xsd="http://www.w3.org/2001/XMLSchema">
  <string>Отдел Телекоммуникаций</string>
  <string>Группа обработки обращений</string>
  <string>Группа сопровождения специального программного обеспечения</string>
  <string>Группа кассового и документационного обеспечения</string>
</ArrayOfString>